BEGIN TRANSACTION;
CREATE TABLE "USERS" (
	"id"	INTEGER NOT NULL,
	"NAME"	TEXT,
	"SURNAME"	TEXT,
	"DATE_OF_BIRTH"	DATE,
	"PLACE_OF_BIRTH"	TEXT,
	"LIVING_PLACE"	TEXT,
	"JMBG"	TEXT,
	"USERNAME"	TEXT,
	"PASSWORD"	TEXT,
	"TYPE"	INTEGER,
   PRIMARY KEY("id")
);
INSERT INTO "USERS" VALUES(1,'Harun','Ajkuinić',3233232,'Travnik','Sarajevo','1231231312','hajkunic1','123456',1);
INSERT INTO "USERS" VALUES(2,'Faris','Agić',323233,'Sarajevo','Sarajevo','4545664','fagic1','123456',1);
INSERT INTO "USERS" VALUES(3,'Jasmin','Hodžić',3231331,'Bihać','Sarajevo','66567578','jhodzic1','123456',0);
CREATE TABLE "STUDENTS" (
	"ID"	INTEGER,
	"USER_ID"	INTEGER,
	"INDKS"	INTEGER,
	"IMAGE"	TEXT,
	"MOTHERS_NAME"	TEXT,
	"FATHERS_NAME"	TEXT,
	FOREIGN KEY("USER_ID") REFERENCES "USERS"("id"),
	PRIMARY KEY("ID")
);
INSERT INTO "STUDENTS" VALUES(1,1,13212,'','Zafira','Esad');
INSERT INTO "STUDENTS" VALUES(2,2,3434,'','Edita','Samir');
CREATE TABLE "SUBJECTS" (
	"ID"	INTEGER NOT NULL,
	"NAME"	TEXT,
	"PROF_ID"	INTEGER NOT NULL,
	FOREIGN KEY("PROF_ID") REFERENCES "USERS"("id"),
	PRIMARY KEY("ID")
);
INSERT INTO "SUBJECTS" VALUES(1,'Računarske arhitekture i mreže',3);
INSERT INTO "SUBJECTS" VALUES(2,'Osnove računarstva',3);
INSERT INTO "SUBJECTS" VALUES(3,'Razvoj softvera',3);
CREATE TABLE "GRADES" (
	"ID"	INTEGER NOT NULL,
	"SUBJ_ID"	INTEGER,
	"STUD_ID"	INTEGER,
	"GRADE"	INTEGER,
	"NUMBER_OF_POINTS"	INTEGER,
	FOREIGN KEY("SUBJ_ID") REFERENCES "SUBJECTS"("ID"),
	FOREIGN KEY("STUD_ID") REFERENCES "USERS"("id"),
	PRIMARY KEY("ID")
);
INSERT INTO "GRADES" VALUES(1,1,1,10,95);
INSERT INTO "GRADES" VALUES(2,2,1,10,95);
INSERT INTO "GRADES" VALUES(3,1,2,10,95);
INSERT INTO "GRADES" VALUES(4,2,2,10,95);

COMMIT;